{"cameraMode":{"drawMode":0,"name":"Shaded","section":"Shading Mode"},"sceneLighting":true,"audioPlay":false,"sceneViewState":{"showFog":true,"showMaterialUpdate":false,"showSkybox":true,"showFlares":true,"showImageEffects":true,"showParticleSystems":true},"in2DMode":false,"pivot":{"x":36.110679626464847,"y":-30.577709197998048,"z":34.319313049316409},"rotation":{"x":0.241668239235878,"y":-0.15896563231945039,"z":0.04016723483800888,"w":0.9564164280891419},"size":446.1878967285156,"orthographic":false}